{"cameraMode":{"drawMode":0,"name":"Shaded","section":"Shading Mode"},"sceneLighting":false,"audioPlay":false,"sceneViewState":{"showFog":true,"showMaterialUpdate":false,"showSkybox":true,"showFlares":true,"showImageEffects":true,"showParticleSystems":true},"in2DMode":false,"pivot":{"x":0.7284817695617676,"y":0.21897530555725099,"z":-0.8817627429962158},"rotation":{"x":-0.11007057130336762,"y":0.8822649717330933,"z":-0.2559067904949188,"w":-0.37947967648506167},"size":7.151241779327393,"orthographic":false}